{
  "description": "项目私有配置文件。此文件中的内容将覆盖 project.config.json 中的相同字段。项目的改动优先同步到此文件中。详见文档：https://developers.weixin.qq.com/miniprogram/dev/devtools/projectconfig.html",
  "projectname": "%E6%8C%87%E5%B0%96%E7%9C%8B%E5%B7%A5%E5%85%B7",
  "setting": {
    "compileHotReLoad": true,
    "urlCheck": false,
    "skylineRenderEnable": true,
    "coverView": true,
    "lazyloadPlaceholderEnable": false,
    "preloadBackgroundData": false,
    "autoAudits": false,
    "useApiHook": true,
    "useApiHostProcess": true,
    "showShadowRootInWxmlPanel": true,
    "useStaticServer": false,
    "useLanDebug": false,
    "showES6CompileOption": false,
    "checkInvalidKey": true,
    "ignoreDevUnusedFiles": true,
    "bigPackageSizeSupport": false
  },
  "libVersion": "3.6.6",
  "condition": {}
}