{
  "description": "项目私有配置文件。此文件中的内容将覆盖 project.config.json 中的相同字段。项目的改动优先同步到此文件中。详见文档：https://developers.weixin.qq.com/miniprogram/dev/devtools/projectconfig.html",
  "projectname": "%E6%8C%87%E5%B0%96%E7%9C%8B%E5%B7%A5%E5%85%B7",
  "setting": {
    "compileHotReLoad": true,
    "urlCheck": false,
    "skylineRenderEnable": true,
    "coverView": true,
    "lazyloadPlaceholderEnable": false,
    "preloadBackgroundData": false,
    "autoAudits": false,
    "useApiHook": true,
    "useApiHostProcess": true,
    "showShadowRootInWxmlPanel": true,
    "useStaticServer": false,
    "useLanDebug": false,
    "showES6CompileOption": false,
    "checkInvalidKey": true,
    "ignoreDevUnusedFiles": true,
    "bigPackageSizeSupport": false
  },
  "libVersion": "3.6.6",
  "condition": {
    "miniprogram": {
      "list": [
        {
          "name": "pages/idload/idload",
          "pathName": "pages/idload/idload",
          "query": "ads=%257B%2522title%2522%253A%2522Alger%2520Music%2522%252C%2522img%2522%253A%2522%252Fimages%252Findex-bg1.jpg%2522%252C%2522content%2522%253A%2522%25E5%259C%25A8%25E7%25BA%25BF%25E9%259F%25B3%25E4%25B9%2590%25E6%2592%25AD%25E6%2594%25BE%25E7%25BD%2591%25E7%25AB%2599%2522%252C%2522desc%2522%253A%2522%25E5%25AE%2598%25E7%25BD%2591%25E5%259C%25B0%25E5%259D%2580%2522%252C%2522text%2522%253A%2522%25E7%2582%25B9%25E5%2587%25BB%25E5%25A4%258D%25E5%2588%25B6%25E9%2593%25BE%25E6%258E%25A5%2522%252C%2522link%2522%253A%2522http%253A%252F%252Fmc.alger.fun%252F%2523%252F%2522%257D",
          "scene": null,
          "launchMode": "default"
        }
      ]
    }
  }
}