{
  "appid": "wx3bdab1fd0d51e44f",
  "compileType": "miniprogram",
  "libVersion": "3.6.2",
  "packOptions": {
    "ignore": [],
    "include": []
  },
  "setting": {
    "coverView": true,
    "es6": true,
    "postcss": true,
    "minified": true,
    "enhance": true,
    "showShadowRootInWxmlPanel": true,
    "packNpmRelationList": [],
    "babelSetting": {
      "ignore": [],
      "disablePlugins": [],
      "outputPath": ""
    }
  },
  "condition": {},
  "editorSetting": {
    "tabIndent": "insertSpaces",
    "tabSize": 2
  },
  "projectname": "%E6%8C%87%E5%B0%96%E7%9C%8B%E5%B7%A5%E5%85%B7"
}